{"temperature":24.899999618530273,"humidity":61.20000076293945}