{"temperature":23.899999618530273,"humidity":68.19999694824219}